id,date,roomsOccupied,occupancyRate,year,month,day,day_of_week,hotel_id
1,2020-01-01 14:45:44.932000+00:00,7,70.0,2020,1,1,2,1
2,2020-01-02 14:45:44.945000+00:00,9,90.0,2020,1,2,3,1
3,2020-01-03 14:45:44.950000+00:00,0,0.0,2020,1,3,4,1
4,2020-01-04 14:45:44.957000+00:00,2,20.0,2020,1,4,5,1
5,2020-01-05 14:45:44.962000+00:00,8,80.0,2020,1,5,6,1
6,2020-01-06 14:45:44.968000+00:00,10,100.0,2020,1,6,0,1
7,2020-01-07 14:45:44.973000+00:00,5,50.0,2020,1,7,1,1
8,2020-01-08 14:45:44.979000+00:00,7,70.0,2020,1,8,2,1
9,2020-01-09 14:45:44.984000+00:00,10,100.0,2020,1,9,3,1
10,2020-01-10 14:45:44.990000+00:00,9,90.0,2020,1,10,4,1
11,2020-01-11 14:45:44.995000+00:00,9,90.0,2020,1,11,5,1
12,2020-01-12 14:45:45+00:00,2,20.0,2020,1,12,6,1
13,2020-01-13 14:45:45.005000+00:00,7,70.0,2020,1,13,0,1
14,2020-01-14 14:45:45.011000+00:00,0,0.0,2020,1,14,1,1
15,2020-01-15 14:45:45.016000+00:00,2,20.0,2020,1,15,2,1
16,2020-01-16 14:45:45.021000+00:00,2,20.0,2020,1,16,3,1
17,2020-01-17 14:45:45.027000+00:00,6,60.0,2020,1,17,4,1
18,2020-01-18 14:45:45.032000+00:00,9,90.0,2020,1,18,5,1
19,2020-01-19 14:45:45.037000+00:00,0,0.0,2020,1,19,6,1
20,2020-01-20 14:45:45.042000+00:00,1,10.0,2020,1,20,0,1
21,2020-01-21 14:45:45.047000+00:00,1,10.0,2020,1,21,1,1
22,2020-01-22 14:45:45.052000+00:00,4,40.0,2020,1,22,2,1
23,2020-01-23 14:45:45.056000+00:00,1,10.0,2020,1,23,3,1
24,2020-01-24 14:45:45.061000+00:00,4,40.0,2020,1,24,4,1
25,2020-01-25 14:45:45.067000+00:00,6,60.0,2020,1,25,5,1
26,2020-01-26 14:45:45.072000+00:00,10,100.0,2020,1,26,6,1
27,2020-01-27 14:45:45.078000+00:00,5,50.0,2020,1,27,0,1
28,2020-01-28 14:45:45.083000+00:00,10,100.0,2020,1,28,1,1
29,2020-01-29 14:45:45.088000+00:00,9,90.0,2020,1,29,2,1
30,2020-01-30 14:45:45.093000+00:00,4,40.0,2020,1,30,3,1
31,2020-01-31 14:45:45.100000+00:00,1,10.0,2020,1,31,4,1
32,2021-01-01 14:45:45.105000+00:00,3,30.0,2021,1,1,4,1
33,2021-01-02 14:45:45.111000+00:00,0,0.0,2021,1,2,5,1
34,2021-01-03 14:45:45.116000+00:00,8,80.0,2021,1,3,6,1
35,2021-01-04 14:45:45.121000+00:00,4,40.0,2021,1,4,0,1
36,2021-01-05 14:45:45.126000+00:00,10,100.0,2021,1,5,1,1
37,2021-01-06 14:45:45.132000+00:00,7,70.0,2021,1,6,2,1
38,2021-01-07 14:45:45.137000+00:00,3,30.0,2021,1,7,3,1
39,2021-01-08 14:45:45.142000+00:00,4,40.0,2021,1,8,4,1
40,2021-01-09 14:45:45.147000+00:00,8,80.0,2021,1,9,5,1
41,2021-01-10 14:45:45.152000+00:00,1,10.0,2021,1,10,6,1
42,2021-01-11 14:45:45.157000+00:00,9,90.0,2021,1,11,0,1
43,2021-01-12 14:45:45.162000+00:00,10,100.0,2021,1,12,1,1
44,2021-01-13 14:45:45.168000+00:00,1,10.0,2021,1,13,2,1
45,2021-01-14 14:45:45.173000+00:00,5,50.0,2021,1,14,3,1
46,2021-01-15 14:45:45.180000+00:00,7,70.0,2021,1,15,4,1
47,2021-01-16 14:45:45.185000+00:00,4,40.0,2021,1,16,5,1
48,2021-01-17 14:45:45.191000+00:00,5,50.0,2021,1,17,6,1
49,2021-01-18 14:45:45.197000+00:00,1,10.0,2021,1,18,0,1
50,2021-01-19 14:45:45.203000+00:00,3,30.0,2021,1,19,1,1
51,2021-01-20 14:45:45.209000+00:00,7,70.0,2021,1,20,2,1
52,2021-01-21 14:45:45.215000+00:00,10,100.0,2021,1,21,3,1
53,2021-01-22 14:45:45.221000+00:00,8,80.0,2021,1,22,4,1
54,2021-01-23 14:45:45.226000+00:00,10,100.0,2021,1,23,5,1
55,2021-01-24 14:45:45.231000+00:00,1,10.0,2021,1,24,6,1
56,2021-01-25 14:45:45.236000+00:00,4,40.0,2021,1,25,0,1
57,2021-01-26 14:45:45.241000+00:00,8,80.0,2021,1,26,1,1
58,2021-01-27 14:45:45.246000+00:00,2,20.0,2021,1,27,2,1
59,2021-01-28 14:45:45.251000+00:00,10,100.0,2021,1,28,3,1
60,2021-01-29 14:45:45.256000+00:00,0,0.0,2021,1,29,4,1
61,2021-01-30 14:45:45.267000+00:00,9,90.0,2021,1,30,5,1
62,2021-01-31 14:45:45.278000+00:00,5,50.0,2021,1,31,6,1
63,2022-01-01 14:45:45.290000+00:00,4,40.0,2022,1,1,5,1
64,2022-01-02 14:45:45.301000+00:00,10,100.0,2022,1,2,6,1
65,2022-01-03 14:45:45.313000+00:00,0,0.0,2022,1,3,0,1
66,2022-01-04 14:45:45.324000+00:00,3,30.0,2022,1,4,1,1
67,2022-01-05 14:45:45.334000+00:00,10,100.0,2022,1,5,2,1
68,2022-01-06 14:45:45.344000+00:00,6,60.0,2022,1,6,3,1
69,2022-01-07 14:45:45.354000+00:00,10,100.0,2022,1,7,4,1
70,2022-01-08 14:45:45.364000+00:00,7,70.0,2022,1,8,5,1
71,2022-01-09 14:45:45.374000+00:00,8,80.0,2022,1,9,6,1
72,2022-01-10 14:45:45.384000+00:00,0,0.0,2022,1,10,0,1
73,2022-01-11 14:45:45.395000+00:00,3,30.0,2022,1,11,1,1
74,2022-01-12 14:45:45.405000+00:00,5,50.0,2022,1,12,2,1
75,2022-01-13 14:45:45.415000+00:00,6,60.0,2022,1,13,3,1
76,2022-01-14 14:45:45.424000+00:00,7,70.0,2022,1,14,4,1
77,2022-01-15 14:45:45.431000+00:00,10,100.0,2022,1,15,5,1
78,2022-01-16 14:45:45.438000+00:00,1,10.0,2022,1,16,6,1
79,2022-01-17 14:45:45.446000+00:00,3,30.0,2022,1,17,0,1
80,2022-01-18 14:45:45.453000+00:00,0,0.0,2022,1,18,1,1
81,2022-01-19 14:45:45.460000+00:00,3,30.0,2022,1,19,2,1
82,2022-01-20 14:45:45.465000+00:00,0,0.0,2022,1,20,3,1
83,2022-01-21 14:45:45.471000+00:00,9,90.0,2022,1,21,4,1
84,2022-01-22 14:45:45.478000+00:00,1,10.0,2022,1,22,5,1
85,2022-01-23 14:45:45.484000+00:00,8,80.0,2022,1,23,6,1
86,2022-01-24 14:45:45.493000+00:00,8,80.0,2022,1,24,0,1
87,2022-01-25 14:45:45.501000+00:00,4,40.0,2022,1,25,1,1
88,2022-01-26 14:45:45.509000+00:00,2,20.0,2022,1,26,2,1
89,2022-01-27 14:45:45.515000+00:00,3,30.0,2022,1,27,3,1
90,2022-01-28 14:45:45.520000+00:00,2,20.0,2022,1,28,4,1
91,2022-01-29 14:45:45.526000+00:00,2,20.0,2022,1,29,5,1
92,2022-01-30 14:45:45.531000+00:00,5,50.0,2022,1,30,6,1
93,2022-01-31 14:45:45.535000+00:00,9,90.0,2022,1,31,0,1
94,2023-01-01 14:45:45.540000+00:00,1,10.0,2023,1,1,6,1
95,2023-01-02 14:45:45.545000+00:00,6,60.0,2023,1,2,0,1
96,2023-01-03 14:45:45.550000+00:00,10,100.0,2023,1,3,1,1
97,2023-01-04 14:45:45.554000+00:00,1,10.0,2023,1,4,2,1
98,2023-01-05 14:45:45.558000+00:00,5,50.0,2023,1,5,3,1
99,2023-01-06 14:45:45.564000+00:00,1,10.0,2023,1,6,4,1
100,2023-01-07 14:45:45.573000+00:00,8,80.0,2023,1,7,5,1
101,2023-01-08 14:45:45.582000+00:00,4,40.0,2023,1,8,6,1
102,2023-01-09 14:45:45.589000+00:00,1,10.0,2023,1,9,0,1
103,2023-01-10 14:45:45.595000+00:00,9,90.0,2023,1,10,1,1
104,2023-01-11 14:45:45.600000+00:00,2,20.0,2023,1,11,2,1
105,2023-01-12 14:45:45.605000+00:00,6,60.0,2023,1,12,3,1
106,2023-01-13 14:45:45.610000+00:00,2,20.0,2023,1,13,4,1
107,2023-01-14 14:45:45.615000+00:00,4,40.0,2023,1,14,5,1
108,2023-01-15 14:45:45.620000+00:00,7,70.0,2023,1,15,6,1
109,2023-01-16 14:45:45.625000+00:00,10,100.0,2023,1,16,0,1
110,2023-01-17 14:45:45.630000+00:00,10,100.0,2023,1,17,1,1
111,2023-01-18 14:45:45.634000+00:00,3,30.0,2023,1,18,2,1
112,2023-01-19 14:45:45.639000+00:00,8,80.0,2023,1,19,3,1
113,2023-01-20 14:45:45.644000+00:00,6,60.0,2023,1,20,4,1
114,2023-01-21 14:45:45.650000+00:00,8,80.0,2023,1,21,5,1
115,2023-01-22 14:45:45.654000+00:00,3,30.0,2023,1,22,6,1
116,2023-01-23 14:45:45.659000+00:00,6,60.0,2023,1,23,0,1
117,2023-01-24 14:45:45.664000+00:00,3,30.0,2023,1,24,1,1
118,2023-01-25 14:45:45.669000+00:00,10,100.0,2023,1,25,2,1
119,2023-01-26 14:45:45.674000+00:00,9,90.0,2023,1,26,3,1
120,2023-01-27 14:45:45.679000+00:00,10,100.0,2023,1,27,4,1
121,2023-01-28 14:45:45.683000+00:00,3,30.0,2023,1,28,5,1
122,2023-01-29 14:45:45.688000+00:00,1,10.0,2023,1,29,6,1
123,2023-01-30 14:45:45.693000+00:00,9,90.0,2023,1,30,0,1
124,2023-01-31 14:45:45.698000+00:00,10,100.0,2023,1,31,1,1
125,2024-01-01 14:45:45.703000+00:00,0,0.0,2024,1,1,0,1
126,2024-01-02 14:45:45.707000+00:00,7,70.0,2024,1,2,1,1
127,2024-01-03 14:45:45.713000+00:00,7,70.0,2024,1,3,2,1
128,2024-01-04 14:45:45.719000+00:00,9,90.0,2024,1,4,3,1
129,2024-01-05 14:45:45.724000+00:00,6,60.0,2024,1,5,4,1
130,2024-01-06 14:45:45.730000+00:00,8,80.0,2024,1,6,5,1
131,2024-01-07 14:45:45.736000+00:00,7,70.0,2024,1,7,6,1
132,2024-01-08 14:45:45.740000+00:00,7,70.0,2024,1,8,0,1
133,2024-01-09 14:45:45.744000+00:00,1,10.0,2024,1,9,1,1
134,2024-01-10 14:45:45.748000+00:00,3,30.0,2024,1,10,2,1
135,2024-01-11 14:45:45.754000+00:00,6,60.0,2024,1,11,3,1
136,2024-01-12 14:45:45.758000+00:00,1,10.0,2024,1,12,4,1
137,2024-01-13 14:45:45.762000+00:00,7,70.0,2024,1,13,5,1
138,2024-01-14 14:45:45.767000+00:00,7,70.0,2024,1,14,6,1
139,2024-01-15 14:45:45.773000+00:00,3,30.0,2024,1,15,0,1
140,2024-01-16 14:45:45.780000+00:00,10,100.0,2024,1,16,1,1
141,2024-01-17 14:45:45.784000+00:00,8,80.0,2024,1,17,2,1
142,2024-01-18 14:45:45.789000+00:00,8,80.0,2024,1,18,3,1
143,2024-01-19 14:45:45.795000+00:00,2,20.0,2024,1,19,4,1
144,2024-01-20 14:45:45.800000+00:00,3,30.0,2024,1,20,5,1
145,2024-01-21 14:45:45.806000+00:00,7,70.0,2024,1,21,6,1
146,2024-01-22 14:45:45.810000+00:00,9,90.0,2024,1,22,0,1
147,2024-01-23 14:45:45.815000+00:00,5,50.0,2024,1,23,1,1
148,2024-01-24 14:45:45.819000+00:00,5,50.0,2024,1,24,2,1
149,2024-01-25 14:45:45.824000+00:00,0,0.0,2024,1,25,3,1
150,2024-01-26 14:45:45.828000+00:00,4,40.0,2024,1,26,4,1
151,2024-01-27 14:45:45.833000+00:00,10,100.0,2024,1,27,5,1
152,2024-01-28 14:45:45.837000+00:00,7,70.0,2024,1,28,6,1
153,2024-01-29 14:45:45.842000+00:00,10,100.0,2024,1,29,0,1
154,2024-01-30 14:45:45.846000+00:00,6,60.0,2024,1,30,1,1
155,2024-01-31 14:45:45.851000+00:00,8,80.0,2024,1,31,2,1
156,2020-01-01 14:45:45.855000+00:00,0,0.0,2020,1,1,2,2
157,2020-01-02 14:45:45.861000+00:00,6,30.0,2020,1,2,3,2
158,2020-01-03 14:45:45.866000+00:00,11,55.0,2020,1,3,4,2
159,2020-01-04 14:45:45.871000+00:00,18,90.0,2020,1,4,5,2
160,2020-01-05 14:45:45.875000+00:00,2,10.0,2020,1,5,6,2
161,2020-01-06 14:45:45.879000+00:00,3,15.0,2020,1,6,0,2
162,2020-01-07 14:45:45.884000+00:00,8,40.0,2020,1,7,1,2
163,2020-01-08 14:45:45.888000+00:00,17,85.0,2020,1,8,2,2
164,2020-01-09 14:45:45.892000+00:00,6,30.0,2020,1,9,3,2
165,2020-01-10 14:45:45.896000+00:00,15,75.0,2020,1,10,4,2
166,2020-01-11 14:45:45.900000+00:00,15,75.0,2020,1,11,5,2
167,2020-01-12 14:45:45.905000+00:00,1,5.0,2020,1,12,6,2
168,2020-01-13 14:45:45.909000+00:00,9,45.0,2020,1,13,0,2
169,2020-01-14 14:45:45.913000+00:00,9,45.0,2020,1,14,1,2
170,2020-01-15 14:45:45.917000+00:00,11,55.0,2020,1,15,2,2
171,2020-01-16 14:45:45.921000+00:00,0,0.0,2020,1,16,3,2
172,2020-01-17 14:45:45.925000+00:00,18,90.0,2020,1,17,4,2
173,2020-01-18 14:45:45.931000+00:00,0,0.0,2020,1,18,5,2
174,2020-01-19 14:45:45.934000+00:00,7,35.0,2020,1,19,6,2
175,2020-01-20 14:45:45.939000+00:00,14,70.0,2020,1,20,0,2
176,2020-01-21 14:45:45.943000+00:00,13,65.0,2020,1,21,1,2
177,2020-01-22 14:45:45.947000+00:00,16,80.0,2020,1,22,2,2
178,2020-01-23 14:45:45.952000+00:00,3,15.0,2020,1,23,3,2
179,2020-01-24 14:45:45.956000+00:00,7,35.0,2020,1,24,4,2
180,2020-01-25 14:45:45.961000+00:00,5,25.0,2020,1,25,5,2
181,2020-01-26 14:45:45.965000+00:00,7,35.0,2020,1,26,6,2
182,2020-01-27 14:45:45.969000+00:00,10,50.0,2020,1,27,0,2
183,2020-01-28 14:45:45.973000+00:00,20,100.0,2020,1,28,1,2
184,2020-01-29 14:45:45.977000+00:00,15,75.0,2020,1,29,2,2
185,2020-01-30 14:45:45.981000+00:00,4,20.0,2020,1,30,3,2
186,2020-01-31 14:45:45.986000+00:00,2,10.0,2020,1,31,4,2
187,2021-01-01 14:45:45.991000+00:00,16,80.0,2021,1,1,4,2
188,2021-01-02 14:45:45.995000+00:00,1,5.0,2021,1,2,5,2
189,2021-01-03 14:45:46+00:00,14,70.0,2021,1,3,6,2
190,2021-01-04 14:45:46.004000+00:00,5,25.0,2021,1,4,0,2
191,2021-01-05 14:45:46.008000+00:00,2,10.0,2021,1,5,1,2
192,2021-01-06 14:45:46.012000+00:00,9,45.0,2021,1,6,2,2
193,2021-01-07 14:45:46.016000+00:00,20,100.0,2021,1,7,3,2
194,2021-01-08 14:45:46.020000+00:00,14,70.0,2021,1,8,4,2
195,2021-01-09 14:45:46.024000+00:00,6,30.0,2021,1,9,5,2
196,2021-01-10 14:45:46.028000+00:00,15,75.0,2021,1,10,6,2
197,2021-01-11 14:45:46.032000+00:00,7,35.0,2021,1,11,0,2
198,2021-01-12 14:45:46.040000+00:00,13,65.0,2021,1,12,1,2
199,2021-01-13 14:45:46.044000+00:00,1,5.0,2021,1,13,2,2
200,2021-01-14 14:45:46.048000+00:00,5,25.0,2021,1,14,3,2
201,2021-01-15 14:45:46.052000+00:00,18,90.0,2021,1,15,4,2
202,2021-01-16 14:45:46.057000+00:00,6,30.0,2021,1,16,5,2
203,2021-01-17 14:45:46.061000+00:00,9,45.0,2021,1,17,6,2
204,2021-01-18 14:45:46.067000+00:00,1,5.0,2021,1,18,0,2
205,2021-01-19 14:45:46.071000+00:00,0,0.0,2021,1,19,1,2
206,2021-01-20 14:45:46.076000+00:00,20,100.0,2021,1,20,2,2
207,2021-01-21 14:45:46.081000+00:00,14,70.0,2021,1,21,3,2
208,2021-01-22 14:45:46.085000+00:00,10,50.0,2021,1,22,4,2
209,2021-01-23 14:45:46.090000+00:00,13,65.0,2021,1,23,5,2
210,2021-01-24 14:45:46.094000+00:00,12,60.0,2021,1,24,6,2
211,2021-01-25 14:45:46.098000+00:00,14,70.0,2021,1,25,0,2
212,2021-01-26 14:45:46.102000+00:00,4,20.0,2021,1,26,1,2
213,2021-01-27 14:45:46.107000+00:00,14,70.0,2021,1,27,2,2
214,2021-01-28 14:45:46.116000+00:00,20,100.0,2021,1,28,3,2
215,2021-01-29 14:45:46.125000+00:00,11,55.0,2021,1,29,4,2
216,2021-01-30 14:45:46.131000+00:00,0,0.0,2021,1,30,5,2
217,2021-01-31 14:45:46.138000+00:00,20,100.0,2021,1,31,6,2
218,2022-01-01 14:45:46.144000+00:00,5,25.0,2022,1,1,5,2
219,2022-01-02 14:45:46.150000+00:00,1,5.0,2022,1,2,6,2
220,2022-01-03 14:45:46.156000+00:00,12,60.0,2022,1,3,0,2
221,2022-01-04 14:45:46.163000+00:00,6,30.0,2022,1,4,1,2
222,2022-01-05 14:45:46.168000+00:00,15,75.0,2022,1,5,2,2
223,2022-01-06 14:45:46.173000+00:00,1,5.0,2022,1,6,3,2
224,2022-01-07 14:45:46.179000+00:00,2,10.0,2022,1,7,4,2
225,2022-01-08 14:45:46.184000+00:00,8,40.0,2022,1,8,5,2
226,2022-01-09 14:45:46.189000+00:00,10,50.0,2022,1,9,6,2
227,2022-01-10 14:45:46.193000+00:00,2,10.0,2022,1,10,0,2
228,2022-01-11 14:45:46.198000+00:00,11,55.0,2022,1,11,1,2
229,2022-01-12 14:45:46.203000+00:00,14,70.0,2022,1,12,2,2
230,2022-01-13 14:45:46.207000+00:00,18,90.0,2022,1,13,3,2
231,2022-01-14 14:45:46.212000+00:00,13,65.0,2022,1,14,4,2
232,2022-01-15 14:45:46.216000+00:00,10,50.0,2022,1,15,5,2
233,2022-01-16 14:45:46.221000+00:00,17,85.0,2022,1,16,6,2
234,2022-01-17 14:45:46.225000+00:00,10,50.0,2022,1,17,0,2
235,2022-01-18 14:45:46.230000+00:00,17,85.0,2022,1,18,1,2
236,2022-01-19 14:45:46.235000+00:00,7,35.0,2022,1,19,2,2
237,2022-01-20 14:45:46.240000+00:00,20,100.0,2022,1,20,3,2
238,2022-01-21 14:45:46.245000+00:00,16,80.0,2022,1,21,4,2
239,2022-01-22 14:45:46.250000+00:00,6,30.0,2022,1,22,5,2
240,2022-01-23 14:45:46.255000+00:00,11,55.0,2022,1,23,6,2
241,2022-01-24 14:45:46.260000+00:00,13,65.0,2022,1,24,0,2
242,2022-01-25 14:45:46.264000+00:00,4,20.0,2022,1,25,1,2
243,2022-01-26 14:45:46.269000+00:00,1,5.0,2022,1,26,2,2
244,2022-01-27 14:45:46.274000+00:00,6,30.0,2022,1,27,3,2
245,2022-01-28 14:45:46.278000+00:00,12,60.0,2022,1,28,4,2
246,2022-01-29 14:45:46.284000+00:00,19,95.0,2022,1,29,5,2
247,2022-01-30 14:45:46.289000+00:00,2,10.0,2022,1,30,6,2
248,2022-01-31 14:45:46.294000+00:00,17,85.0,2022,1,31,0,2
249,2023-01-01 14:45:46.298000+00:00,9,45.0,2023,1,1,6,2
250,2023-01-02 14:45:46.303000+00:00,1,5.0,2023,1,2,0,2
251,2023-01-03 14:45:46.307000+00:00,7,35.0,2023,1,3,1,2
252,2023-01-04 14:45:46.312000+00:00,1,5.0,2023,1,4,2,2
253,2023-01-05 14:45:46.317000+00:00,11,55.0,2023,1,5,3,2
254,2023-01-06 14:45:46.321000+00:00,15,75.0,2023,1,6,4,2
255,2023-01-07 14:45:46.326000+00:00,8,40.0,2023,1,7,5,2
256,2023-01-08 14:45:46.330000+00:00,0,0.0,2023,1,8,6,2
257,2023-01-09 14:45:46.335000+00:00,2,10.0,2023,1,9,0,2
258,2023-01-10 14:45:46.339000+00:00,3,15.0,2023,1,10,1,2
259,2023-01-11 14:45:46.343000+00:00,1,5.0,2023,1,11,2,2
260,2023-01-12 14:45:46.348000+00:00,20,100.0,2023,1,12,3,2
261,2023-01-13 14:45:46.352000+00:00,3,15.0,2023,1,13,4,2
262,2023-01-14 14:45:46.357000+00:00,13,65.0,2023,1,14,5,2
263,2023-01-15 14:45:46.361000+00:00,12,60.0,2023,1,15,6,2
264,2023-01-16 14:45:46.366000+00:00,20,100.0,2023,1,16,0,2
265,2023-01-17 14:45:46.370000+00:00,6,30.0,2023,1,17,1,2
266,2023-01-18 14:45:46.374000+00:00,5,25.0,2023,1,18,2,2
267,2023-01-19 14:45:46.379000+00:00,11,55.0,2023,1,19,3,2
268,2023-01-20 14:45:46.383000+00:00,7,35.0,2023,1,20,4,2
269,2023-01-21 14:45:46.388000+00:00,14,70.0,2023,1,21,5,2
270,2023-01-22 14:45:46.392000+00:00,7,35.0,2023,1,22,6,2
271,2023-01-23 14:45:46.397000+00:00,10,50.0,2023,1,23,0,2
272,2023-01-24 14:45:46.402000+00:00,18,90.0,2023,1,24,1,2
273,2023-01-25 14:45:46.406000+00:00,5,25.0,2023,1,25,2,2
274,2023-01-26 14:45:46.410000+00:00,10,50.0,2023,1,26,3,2
275,2023-01-27 14:45:46.414000+00:00,17,85.0,2023,1,27,4,2
276,2023-01-28 14:45:46.418000+00:00,5,25.0,2023,1,28,5,2
277,2023-01-29 14:45:46.423000+00:00,18,90.0,2023,1,29,6,2
278,2023-01-30 14:45:46.427000+00:00,17,85.0,2023,1,30,0,2
279,2023-01-31 14:45:46.431000+00:00,6,30.0,2023,1,31,1,2
280,2024-01-01 14:45:46.435000+00:00,6,30.0,2024,1,1,0,2
281,2024-01-02 14:45:46.439000+00:00,0,0.0,2024,1,2,1,2
282,2024-01-03 14:45:46.443000+00:00,13,65.0,2024,1,3,2,2
283,2024-01-04 14:45:46.448000+00:00,13,65.0,2024,1,4,3,2
284,2024-01-05 14:45:46.454000+00:00,17,85.0,2024,1,5,4,2
285,2024-01-06 14:45:46.458000+00:00,16,80.0,2024,1,6,5,2
286,2024-01-07 14:45:46.463000+00:00,20,100.0,2024,1,7,6,2
287,2024-01-08 14:45:46.467000+00:00,10,50.0,2024,1,8,0,2
288,2024-01-09 14:45:46.470000+00:00,4,20.0,2024,1,9,1,2
289,2024-01-10 14:45:46.474000+00:00,17,85.0,2024,1,10,2,2
290,2024-01-11 14:45:46.478000+00:00,18,90.0,2024,1,11,3,2
291,2024-01-12 14:45:46.483000+00:00,16,80.0,2024,1,12,4,2
292,2024-01-13 14:45:46.487000+00:00,9,45.0,2024,1,13,5,2
293,2024-01-14 14:45:46.492000+00:00,20,100.0,2024,1,14,6,2
294,2024-01-15 14:45:46.495000+00:00,13,65.0,2024,1,15,0,2
295,2024-01-16 14:45:46.500000+00:00,11,55.0,2024,1,16,1,2
296,2024-01-17 14:45:46.504000+00:00,17,85.0,2024,1,17,2,2
297,2024-01-18 14:45:46.508000+00:00,12,60.0,2024,1,18,3,2
298,2024-01-19 14:45:46.513000+00:00,7,35.0,2024,1,19,4,2
299,2024-01-20 14:45:46.518000+00:00,3,15.0,2024,1,20,5,2
300,2024-01-21 14:45:46.523000+00:00,3,15.0,2024,1,21,6,2
301,2024-01-22 14:45:46.528000+00:00,14,70.0,2024,1,22,0,2
302,2024-01-23 14:45:46.532000+00:00,6,30.0,2024,1,23,1,2
303,2024-01-24 14:45:46.539000+00:00,14,70.0,2024,1,24,2,2
304,2024-01-25 14:45:46.544000+00:00,1,5.0,2024,1,25,3,2
305,2024-01-26 14:45:46.550000+00:00,18,90.0,2024,1,26,4,2
306,2024-01-27 14:45:46.554000+00:00,13,65.0,2024,1,27,5,2
307,2024-01-28 14:45:46.558000+00:00,10,50.0,2024,1,28,6,2
308,2024-01-29 14:45:46.562000+00:00,9,45.0,2024,1,29,0,2
309,2024-01-30 14:45:46.566000+00:00,0,0.0,2024,1,30,1,2
310,2024-01-31 14:45:46.570000+00:00,2,10.0,2024,1,31,2,2
311,2020-01-01 14:45:46.574000+00:00,5,16.6667,2020,1,1,2,3
312,2020-01-02 14:45:46.578000+00:00,11,36.6667,2020,1,2,3,3
313,2020-01-03 14:45:46.582000+00:00,23,76.6667,2020,1,3,4,3
314,2020-01-04 14:45:46.587000+00:00,3,10.0,2020,1,4,5,3
315,2020-01-05 14:45:46.592000+00:00,12,40.0,2020,1,5,6,3
316,2020-01-06 14:45:46.596000+00:00,1,3.33333,2020,1,6,0,3
317,2020-01-07 14:45:46.600000+00:00,21,70.0,2020,1,7,1,3
318,2020-01-08 14:45:46.604000+00:00,19,63.3333,2020,1,8,2,3
319,2020-01-09 14:45:46.609000+00:00,24,80.0,2020,1,9,3,3
320,2020-01-10 14:45:46.613000+00:00,29,96.6667,2020,1,10,4,3
321,2020-01-11 14:45:46.617000+00:00,20,66.6667,2020,1,11,5,3
322,2020-01-12 14:45:46.621000+00:00,2,6.66667,2020,1,12,6,3
323,2020-01-13 14:45:46.626000+00:00,18,60.0,2020,1,13,0,3
324,2020-01-14 14:45:46.630000+00:00,26,86.6667,2020,1,14,1,3
325,2020-01-15 14:45:46.634000+00:00,12,40.0,2020,1,15,2,3
326,2020-01-16 14:45:46.639000+00:00,21,70.0,2020,1,16,3,3
327,2020-01-17 14:45:46.643000+00:00,25,83.3333,2020,1,17,4,3
328,2020-01-18 14:45:46.647000+00:00,6,20.0,2020,1,18,5,3
329,2020-01-19 14:45:46.651000+00:00,17,56.6667,2020,1,19,6,3
330,2020-01-20 14:45:46.655000+00:00,9,30.0,2020,1,20,0,3
331,2020-01-21 14:45:46.659000+00:00,19,63.3333,2020,1,21,1,3
332,2020-01-22 14:45:46.663000+00:00,22,73.3333,2020,1,22,2,3
333,2020-01-23 14:45:46.667000+00:00,12,40.0,2020,1,23,3,3
334,2020-01-24 14:45:46.671000+00:00,17,56.6667,2020,1,24,4,3
335,2020-01-25 14:45:46.676000+00:00,1,3.33333,2020,1,25,5,3
336,2020-01-26 14:45:46.680000+00:00,18,60.0,2020,1,26,6,3
337,2020-01-27 14:45:46.684000+00:00,18,60.0,2020,1,27,0,3
338,2020-01-28 14:45:46.689000+00:00,12,40.0,2020,1,28,1,3
339,2020-01-29 14:45:46.693000+00:00,5,16.6667,2020,1,29,2,3
340,2020-01-30 14:45:46.698000+00:00,23,76.6667,2020,1,30,3,3
341,2020-01-31 14:45:46.701000+00:00,5,16.6667,2020,1,31,4,3
342,2021-01-01 14:45:46.705000+00:00,29,96.6667,2021,1,1,4,3
343,2021-01-02 14:45:46.710000+00:00,18,60.0,2021,1,2,5,3
344,2021-01-03 14:45:46.714000+00:00,0,0.0,2021,1,3,6,3
345,2021-01-04 14:45:46.719000+00:00,14,46.6667,2021,1,4,0,3
346,2021-01-05 14:45:46.723000+00:00,17,56.6667,2021,1,5,1,3
347,2021-01-06 14:45:46.727000+00:00,24,80.0,2021,1,6,2,3
348,2021-01-07 14:45:46.731000+00:00,0,0.0,2021,1,7,3,3
349,2021-01-08 14:45:46.736000+00:00,27,90.0,2021,1,8,4,3
350,2021-01-09 14:45:46.740000+00:00,13,43.3333,2021,1,9,5,3
351,2021-01-10 14:45:46.744000+00:00,10,33.3333,2021,1,10,6,3
352,2021-01-11 14:45:46.748000+00:00,15,50.0,2021,1,11,0,3
353,2021-01-12 14:45:46.752000+00:00,10,33.3333,2021,1,12,1,3
354,2021-01-13 14:45:46.756000+00:00,10,33.3333,2021,1,13,2,3
355,2021-01-14 14:45:46.761000+00:00,24,80.0,2021,1,14,3,3
356,2021-01-15 14:45:46.765000+00:00,22,73.3333,2021,1,15,4,3
357,2021-01-16 14:45:46.769000+00:00,16,53.3333,2021,1,16,5,3
358,2021-01-17 14:45:46.774000+00:00,22,73.3333,2021,1,17,6,3
359,2021-01-18 14:45:46.778000+00:00,6,20.0,2021,1,18,0,3
360,2021-01-19 14:45:46.783000+00:00,27,90.0,2021,1,19,1,3
361,2021-01-20 14:45:46.787000+00:00,27,90.0,2021,1,20,2,3
362,2021-01-21 14:45:46.792000+00:00,10,33.3333,2021,1,21,3,3
363,2021-01-22 14:45:46.796000+00:00,16,53.3333,2021,1,22,4,3
364,2021-01-23 14:45:46.801000+00:00,21,70.0,2021,1,23,5,3
365,2021-01-24 14:45:46.806000+00:00,16,53.3333,2021,1,24,6,3
366,2021-01-25 14:45:46.812000+00:00,20,66.6667,2021,1,25,0,3
367,2021-01-26 14:45:46.816000+00:00,6,20.0,2021,1,26,1,3
368,2021-01-27 14:45:46.822000+00:00,21,70.0,2021,1,27,2,3
369,2021-01-28 14:45:46.826000+00:00,18,60.0,2021,1,28,3,3
370,2021-01-29 14:45:46.830000+00:00,24,80.0,2021,1,29,4,3
371,2021-01-30 14:45:46.835000+00:00,9,30.0,2021,1,30,5,3
372,2021-01-31 14:45:46.839000+00:00,22,73.3333,2021,1,31,6,3
373,2022-01-01 14:45:46.843000+00:00,16,53.3333,2022,1,1,5,3
374,2022-01-02 14:45:46.847000+00:00,25,83.3333,2022,1,2,6,3
375,2022-01-03 14:45:46.851000+00:00,20,66.6667,2022,1,3,0,3
376,2022-01-04 14:45:46.856000+00:00,9,30.0,2022,1,4,1,3
377,2022-01-05 14:45:46.861000+00:00,6,20.0,2022,1,5,2,3
378,2022-01-06 14:45:46.865000+00:00,11,36.6667,2022,1,6,3,3
379,2022-01-07 14:45:46.870000+00:00,10,33.3333,2022,1,7,4,3
380,2022-01-08 14:45:46.874000+00:00,4,13.3333,2022,1,8,5,3
381,2022-01-09 14:45:46.878000+00:00,28,93.3333,2022,1,9,6,3
382,2022-01-10 14:45:46.882000+00:00,24,80.0,2022,1,10,0,3
383,2022-01-11 14:45:46.886000+00:00,16,53.3333,2022,1,11,1,3
384,2022-01-12 14:45:46.890000+00:00,21,70.0,2022,1,12,2,3
385,2022-01-13 14:45:46.895000+00:00,21,70.0,2022,1,13,3,3
386,2022-01-14 14:45:46.899000+00:00,23,76.6667,2022,1,14,4,3
387,2022-01-15 14:45:46.903000+00:00,26,86.6667,2022,1,15,5,3
388,2022-01-16 14:45:46.907000+00:00,9,30.0,2022,1,16,6,3
389,2022-01-17 14:45:46.911000+00:00,22,73.3333,2022,1,17,0,3
390,2022-01-18 14:45:46.915000+00:00,10,33.3333,2022,1,18,1,3
391,2022-01-19 14:45:46.919000+00:00,15,50.0,2022,1,19,2,3
392,2022-01-20 14:45:46.923000+00:00,28,93.3333,2022,1,20,3,3
393,2022-01-21 14:45:46.926000+00:00,14,46.6667,2022,1,21,4,3
394,2022-01-22 14:45:46.930000+00:00,26,86.6667,2022,1,22,5,3
395,2022-01-23 14:45:46.935000+00:00,2,6.66667,2022,1,23,6,3
396,2022-01-24 14:45:46.939000+00:00,4,13.3333,2022,1,24,0,3
397,2022-01-25 14:45:46.942000+00:00,1,3.33333,2022,1,25,1,3
398,2022-01-26 14:45:46.946000+00:00,15,50.0,2022,1,26,2,3
399,2022-01-27 14:45:46.950000+00:00,3,10.0,2022,1,27,3,3
400,2022-01-28 14:45:46.954000+00:00,12,40.0,2022,1,28,4,3
401,2022-01-29 14:45:46.958000+00:00,2,6.66667,2022,1,29,5,3
402,2022-01-30 14:45:46.962000+00:00,29,96.6667,2022,1,30,6,3
403,2022-01-31 14:45:46.965000+00:00,16,53.3333,2022,1,31,0,3
404,2023-01-01 14:45:46.969000+00:00,25,83.3333,2023,1,1,6,3
405,2023-01-02 14:45:46.973000+00:00,24,80.0,2023,1,2,0,3
406,2023-01-03 14:45:46.977000+00:00,16,53.3333,2023,1,3,1,3
407,2023-01-04 14:45:46.980000+00:00,17,56.6667,2023,1,4,2,3
408,2023-01-05 14:45:46.985000+00:00,6,20.0,2023,1,5,3,3
409,2023-01-06 14:45:46.989000+00:00,1,3.33333,2023,1,6,4,3
410,2023-01-07 14:45:46.993000+00:00,18,60.0,2023,1,7,5,3
411,2023-01-08 14:45:46.996000+00:00,6,20.0,2023,1,8,6,3
412,2023-01-09 14:45:47+00:00,26,86.6667,2023,1,9,0,3
413,2023-01-10 14:45:47.003000+00:00,10,33.3333,2023,1,10,1,3
414,2023-01-11 14:45:47.007000+00:00,18,60.0,2023,1,11,2,3
415,2023-01-12 14:45:47.011000+00:00,21,70.0,2023,1,12,3,3
416,2023-01-13 14:45:47.015000+00:00,5,16.6667,2023,1,13,4,3
417,2023-01-14 14:45:47.019000+00:00,0,0.0,2023,1,14,5,3
418,2023-01-15 14:45:47.023000+00:00,20,66.6667,2023,1,15,6,3
419,2023-01-16 14:45:47.027000+00:00,11,36.6667,2023,1,16,0,3
420,2023-01-17 14:45:47.031000+00:00,21,70.0,2023,1,17,1,3
421,2023-01-18 14:45:47.035000+00:00,8,26.6667,2023,1,18,2,3
422,2023-01-19 14:45:47.038000+00:00,26,86.6667,2023,1,19,3,3
423,2023-01-20 14:45:47.042000+00:00,25,83.3333,2023,1,20,4,3
424,2023-01-21 14:45:47.045000+00:00,6,20.0,2023,1,21,5,3
425,2023-01-22 14:45:47.049000+00:00,3,10.0,2023,1,22,6,3
426,2023-01-23 14:45:47.053000+00:00,15,50.0,2023,1,23,0,3
427,2023-01-24 14:45:47.056000+00:00,26,86.6667,2023,1,24,1,3
428,2023-01-25 14:45:47.062000+00:00,0,0.0,2023,1,25,2,3
429,2023-01-26 14:45:47.067000+00:00,8,26.6667,2023,1,26,3,3
430,2023-01-27 14:45:47.072000+00:00,2,6.66667,2023,1,27,4,3
431,2023-01-28 14:45:47.078000+00:00,28,93.3333,2023,1,28,5,3
432,2023-01-29 14:45:47.083000+00:00,5,16.6667,2023,1,29,6,3
433,2023-01-30 14:45:47.088000+00:00,1,3.33333,2023,1,30,0,3
434,2023-01-31 14:45:47.093000+00:00,3,10.0,2023,1,31,1,3
435,2024-01-01 14:45:47.097000+00:00,26,86.6667,2024,1,1,0,3
436,2024-01-02 14:45:47.101000+00:00,12,40.0,2024,1,2,1,3
437,2024-01-03 14:45:47.105000+00:00,1,3.33333,2024,1,3,2,3
438,2024-01-04 14:45:47.109000+00:00,6,20.0,2024,1,4,3,3
439,2024-01-05 14:45:47.113000+00:00,18,60.0,2024,1,5,4,3
440,2024-01-06 14:45:47.118000+00:00,25,83.3333,2024,1,6,5,3
441,2024-01-07 14:45:47.123000+00:00,24,80.0,2024,1,7,6,3
442,2024-01-08 14:45:47.128000+00:00,10,33.3333,2024,1,8,0,3
443,2024-01-09 14:45:47.132000+00:00,29,96.6667,2024,1,9,1,3
444,2024-01-10 14:45:47.136000+00:00,18,60.0,2024,1,10,2,3
445,2024-01-11 14:45:47.140000+00:00,26,86.6667,2024,1,11,3,3
446,2024-01-12 14:45:47.145000+00:00,9,30.0,2024,1,12,4,3
447,2024-01-13 14:45:47.149000+00:00,17,56.6667,2024,1,13,5,3
448,2024-01-14 14:45:47.153000+00:00,1,3.33333,2024,1,14,6,3
449,2024-01-15 14:45:47.157000+00:00,26,86.6667,2024,1,15,0,3
450,2024-01-16 14:45:47.160000+00:00,5,16.6667,2024,1,16,1,3
451,2024-01-17 14:45:47.164000+00:00,27,90.0,2024,1,17,2,3
452,2024-01-18 14:45:47.168000+00:00,19,63.3333,2024,1,18,3,3
453,2024-01-19 14:45:47.174000+00:00,15,50.0,2024,1,19,4,3
454,2024-01-20 14:45:47.178000+00:00,26,86.6667,2024,1,20,5,3
455,2024-01-21 14:45:47.182000+00:00,30,100.0,2024,1,21,6,3
456,2024-01-22 14:45:47.186000+00:00,9,30.0,2024,1,22,0,3
457,2024-01-23 14:45:47.190000+00:00,15,50.0,2024,1,23,1,3
458,2024-01-24 14:45:47.194000+00:00,2,6.66667,2024,1,24,2,3
459,2024-01-25 14:45:47.198000+00:00,21,70.0,2024,1,25,3,3
460,2024-01-26 14:45:47.202000+00:00,2,6.66667,2024,1,26,4,3
461,2024-01-27 14:45:47.206000+00:00,7,23.3333,2024,1,27,5,3
462,2024-01-28 14:45:47.210000+00:00,8,26.6667,2024,1,28,6,3
463,2024-01-29 14:45:47.216000+00:00,13,43.3333,2024,1,29,0,3
464,2024-01-30 14:45:47.222000+00:00,14,46.6667,2024,1,30,1,3
465,2024-01-31 14:45:47.226000+00:00,0,0.0,2024,1,31,2,3
466,2020-01-01 14:45:47.230000+00:00,17,42.5,2020,1,1,2,4
467,2020-01-02 14:45:47.234000+00:00,9,22.5,2020,1,2,3,4
468,2020-01-03 14:45:47.238000+00:00,40,100.0,2020,1,3,4,4
469,2020-01-04 14:45:47.242000+00:00,12,30.0,2020,1,4,5,4
470,2020-01-05 14:45:47.246000+00:00,25,62.5,2020,1,5,6,4
471,2020-01-06 14:45:47.252000+00:00,11,27.5,2020,1,6,0,4
472,2020-01-07 14:45:47.256000+00:00,1,2.5,2020,1,7,1,4
473,2020-01-08 14:45:47.260000+00:00,24,60.0,2020,1,8,2,4
474,2020-01-09 14:45:47.264000+00:00,0,0.0,2020,1,9,3,4
475,2020-01-10 14:45:47.268000+00:00,9,22.5,2020,1,10,4,4
476,2020-01-11 14:45:47.272000+00:00,6,15.0,2020,1,11,5,4
477,2020-01-12 14:45:47.277000+00:00,3,7.5,2020,1,12,6,4
478,2020-01-13 14:45:47.282000+00:00,32,80.0,2020,1,13,0,4
479,2020-01-14 14:45:47.286000+00:00,28,70.0,2020,1,14,1,4
480,2020-01-15 14:45:47.290000+00:00,10,25.0,2020,1,15,2,4
481,2020-01-16 14:45:47.294000+00:00,1,2.5,2020,1,16,3,4
482,2020-01-17 14:45:47.298000+00:00,6,15.0,2020,1,17,4,4
483,2020-01-18 14:45:47.302000+00:00,37,92.5,2020,1,18,5,4
484,2020-01-19 14:45:47.306000+00:00,6,15.0,2020,1,19,6,4
485,2020-01-20 14:45:47.310000+00:00,14,35.0,2020,1,20,0,4
486,2020-01-21 14:45:47.314000+00:00,30,75.0,2020,1,21,1,4
487,2020-01-22 14:45:47.318000+00:00,10,25.0,2020,1,22,2,4
488,2020-01-23 14:45:47.322000+00:00,0,0.0,2020,1,23,3,4
489,2020-01-24 14:45:47.326000+00:00,8,20.0,2020,1,24,4,4
490,2020-01-25 14:45:47.330000+00:00,29,72.5,2020,1,25,5,4
491,2020-01-26 14:45:47.334000+00:00,0,0.0,2020,1,26,6,4
492,2020-01-27 14:45:47.339000+00:00,19,47.5,2020,1,27,0,4
493,2020-01-28 14:45:47.343000+00:00,39,97.5,2020,1,28,1,4
494,2020-01-29 14:45:47.347000+00:00,10,25.0,2020,1,29,2,4
495,2020-01-30 14:45:47.352000+00:00,19,47.5,2020,1,30,3,4
496,2020-01-31 14:45:47.356000+00:00,30,75.0,2020,1,31,4,4
497,2021-01-01 14:45:47.360000+00:00,7,17.5,2021,1,1,4,4
498,2021-01-02 14:45:47.366000+00:00,21,52.5,2021,1,2,5,4
499,2021-01-03 14:45:47.370000+00:00,39,97.5,2021,1,3,6,4
500,2021-01-04 14:45:47.375000+00:00,3,7.5,2021,1,4,0,4
501,2021-01-05 14:45:47.379000+00:00,7,17.5,2021,1,5,1,4
502,2021-01-06 14:45:47.383000+00:00,9,22.5,2021,1,6,2,4
503,2021-01-07 14:45:47.388000+00:00,36,90.0,2021,1,7,3,4
504,2021-01-08 14:45:47.392000+00:00,5,12.5,2021,1,8,4,4
505,2021-01-09 14:45:47.396000+00:00,23,57.5,2021,1,9,5,4
506,2021-01-10 14:45:47.401000+00:00,36,90.0,2021,1,10,6,4
507,2021-01-11 14:45:47.406000+00:00,13,32.5,2021,1,11,0,4
508,2021-01-12 14:45:47.411000+00:00,2,5.0,2021,1,12,1,4
509,2021-01-13 14:45:47.415000+00:00,5,12.5,2021,1,13,2,4
510,2021-01-14 14:45:47.419000+00:00,22,55.0,2021,1,14,3,4
511,2021-01-15 14:45:47.424000+00:00,35,87.5,2021,1,15,4,4
512,2021-01-16 14:45:47.429000+00:00,13,32.5,2021,1,16,5,4
513,2021-01-17 14:45:47.433000+00:00,4,10.0,2021,1,17,6,4
514,2021-01-18 14:45:47.437000+00:00,25,62.5,2021,1,18,0,4
515,2021-01-19 14:45:47.442000+00:00,6,15.0,2021,1,19,1,4
516,2021-01-20 14:45:47.446000+00:00,20,50.0,2021,1,20,2,4
517,2021-01-21 14:45:47.450000+00:00,9,22.5,2021,1,21,3,4
518,2021-01-22 14:45:47.454000+00:00,2,5.0,2021,1,22,4,4
519,2021-01-23 14:45:47.458000+00:00,2,5.0,2021,1,23,5,4
520,2021-01-24 14:45:47.462000+00:00,15,37.5,2021,1,24,6,4
521,2021-01-25 14:45:47.466000+00:00,34,85.0,2021,1,25,0,4
522,2021-01-26 14:45:47.470000+00:00,24,60.0,2021,1,26,1,4
523,2021-01-27 14:45:47.474000+00:00,40,100.0,2021,1,27,2,4
524,2021-01-28 14:45:47.478000+00:00,23,57.5,2021,1,28,3,4
525,2021-01-29 14:45:47.482000+00:00,39,97.5,2021,1,29,4,4
526,2021-01-30 14:45:47.487000+00:00,27,67.5,2021,1,30,5,4
527,2021-01-31 14:45:47.491000+00:00,1,2.5,2021,1,31,6,4
528,2022-01-01 14:45:47.495000+00:00,17,42.5,2022,1,1,5,4
529,2022-01-02 14:45:47.500000+00:00,2,5.0,2022,1,2,6,4
530,2022-01-03 14:45:47.504000+00:00,35,87.5,2022,1,3,0,4
531,2022-01-04 14:45:47.508000+00:00,4,10.0,2022,1,4,1,4
532,2022-01-05 14:45:47.512000+00:00,23,57.5,2022,1,5,2,4
533,2022-01-06 14:45:47.517000+00:00,3,7.5,2022,1,6,3,4
534,2022-01-07 14:45:47.521000+00:00,20,50.0,2022,1,7,4,4
535,2022-01-08 14:45:47.526000+00:00,32,80.0,2022,1,8,5,4
536,2022-01-09 14:45:47.531000+00:00,15,37.5,2022,1,9,6,4
537,2022-01-10 14:45:47.535000+00:00,26,65.0,2022,1,10,0,4
538,2022-01-11 14:45:47.539000+00:00,30,75.0,2022,1,11,1,4
539,2022-01-12 14:45:47.544000+00:00,17,42.5,2022,1,12,2,4
540,2022-01-13 14:45:47.548000+00:00,13,32.5,2022,1,13,3,4
541,2022-01-14 14:45:47.552000+00:00,25,62.5,2022,1,14,4,4
542,2022-01-15 14:45:47.556000+00:00,27,67.5,2022,1,15,5,4
543,2022-01-16 14:45:47.560000+00:00,28,70.0,2022,1,16,6,4
544,2022-01-17 14:45:47.564000+00:00,23,57.5,2022,1,17,0,4
545,2022-01-18 14:45:47.568000+00:00,16,40.0,2022,1,18,1,4
546,2022-01-19 14:45:47.572000+00:00,3,7.5,2022,1,19,2,4
547,2022-01-20 14:45:47.577000+00:00,1,2.5,2022,1,20,3,4
548,2022-01-21 14:45:47.581000+00:00,25,62.5,2022,1,21,4,4
549,2022-01-22 14:45:47.585000+00:00,7,17.5,2022,1,22,5,4
550,2022-01-23 14:45:47.589000+00:00,28,70.0,2022,1,23,6,4
551,2022-01-24 14:45:47.594000+00:00,34,85.0,2022,1,24,0,4
552,2022-01-25 14:45:47.598000+00:00,13,32.5,2022,1,25,1,4
553,2022-01-26 14:45:47.602000+00:00,35,87.5,2022,1,26,2,4
554,2022-01-27 14:45:47.606000+00:00,14,35.0,2022,1,27,3,4
555,2022-01-28 14:45:47.610000+00:00,22,55.0,2022,1,28,4,4
556,2022-01-29 14:45:47.614000+00:00,14,35.0,2022,1,29,5,4
557,2022-01-30 14:45:47.619000+00:00,4,10.0,2022,1,30,6,4
558,2022-01-31 14:45:47.623000+00:00,30,75.0,2022,1,31,0,4
559,2023-01-01 14:45:47.627000+00:00,15,37.5,2023,1,1,6,4
560,2023-01-02 14:45:47.631000+00:00,34,85.0,2023,1,2,0,4
561,2023-01-03 14:45:47.635000+00:00,18,45.0,2023,1,3,1,4
562,2023-01-04 14:45:47.639000+00:00,9,22.5,2023,1,4,2,4
563,2023-01-05 14:45:47.643000+00:00,11,27.5,2023,1,5,3,4
564,2023-01-06 14:45:47.648000+00:00,18,45.0,2023,1,6,4,4
565,2023-01-07 14:45:47.652000+00:00,24,60.0,2023,1,7,5,4
566,2023-01-08 14:45:47.656000+00:00,29,72.5,2023,1,8,6,4
567,2023-01-09 14:45:47.660000+00:00,14,35.0,2023,1,9,0,4
568,2023-01-10 14:45:47.664000+00:00,2,5.0,2023,1,10,1,4
569,2023-01-11 14:45:47.668000+00:00,28,70.0,2023,1,11,2,4
570,2023-01-12 14:45:47.672000+00:00,6,15.0,2023,1,12,3,4
571,2023-01-13 14:45:47.676000+00:00,0,0.0,2023,1,13,4,4
572,2023-01-14 14:45:47.679000+00:00,29,72.5,2023,1,14,5,4
573,2023-01-15 14:45:47.684000+00:00,7,17.5,2023,1,15,6,4
574,2023-01-16 14:45:47.688000+00:00,18,45.0,2023,1,16,0,4
575,2023-01-17 14:45:47.693000+00:00,39,97.5,2023,1,17,1,4
576,2023-01-18 14:45:47.696000+00:00,39,97.5,2023,1,18,2,4
577,2023-01-19 14:45:47.700000+00:00,8,20.0,2023,1,19,3,4
578,2023-01-20 14:45:47.704000+00:00,20,50.0,2023,1,20,4,4
579,2023-01-21 14:45:47.708000+00:00,8,20.0,2023,1,21,5,4
580,2023-01-22 14:45:47.712000+00:00,18,45.0,2023,1,22,6,4
581,2023-01-23 14:45:47.716000+00:00,17,42.5,2023,1,23,0,4
582,2023-01-24 14:45:47.720000+00:00,9,22.5,2023,1,24,1,4
583,2023-01-25 14:45:47.724000+00:00,36,90.0,2023,1,25,2,4
584,2023-01-26 14:45:47.728000+00:00,15,37.5,2023,1,26,3,4
585,2023-01-27 14:45:47.732000+00:00,34,85.0,2023,1,27,4,4
586,2023-01-28 14:45:47.736000+00:00,10,25.0,2023,1,28,5,4
587,2023-01-29 14:45:47.740000+00:00,27,67.5,2023,1,29,6,4
588,2023-01-30 14:45:47.744000+00:00,34,85.0,2023,1,30,0,4
589,2023-01-31 14:45:47.748000+00:00,4,10.0,2023,1,31,1,4
590,2024-01-01 14:45:47.752000+00:00,14,35.0,2024,1,1,0,4
591,2024-01-02 14:45:47.756000+00:00,2,5.0,2024,1,2,1,4
592,2024-01-03 14:45:47.761000+00:00,3,7.5,2024,1,3,2,4
593,2024-01-04 14:45:47.765000+00:00,21,52.5,2024,1,4,3,4
594,2024-01-05 14:45:47.769000+00:00,8,20.0,2024,1,5,4,4
595,2024-01-06 14:45:47.773000+00:00,36,90.0,2024,1,6,5,4
596,2024-01-07 14:45:47.777000+00:00,30,75.0,2024,1,7,6,4
597,2024-01-08 14:45:47.784000+00:00,21,52.5,2024,1,8,0,4
598,2024-01-09 14:45:47.790000+00:00,30,75.0,2024,1,9,1,4
599,2024-01-10 14:45:47.796000+00:00,21,52.5,2024,1,10,2,4
600,2024-01-11 14:45:47.802000+00:00,25,62.5,2024,1,11,3,4
601,2024-01-12 14:45:47.809000+00:00,13,32.5,2024,1,12,4,4
602,2024-01-13 14:45:47.818000+00:00,24,60.0,2024,1,13,5,4
603,2024-01-14 14:45:47.826000+00:00,16,40.0,2024,1,14,6,4
604,2024-01-15 14:45:47.835000+00:00,16,40.0,2024,1,15,0,4
605,2024-01-16 14:45:47.841000+00:00,15,37.5,2024,1,16,1,4
606,2024-01-17 14:45:47.846000+00:00,7,17.5,2024,1,17,2,4
607,2024-01-18 14:45:47.851000+00:00,16,40.0,2024,1,18,3,4
608,2024-01-19 14:45:47.857000+00:00,35,87.5,2024,1,19,4,4
609,2024-01-20 14:45:47.862000+00:00,16,40.0,2024,1,20,5,4
610,2024-01-21 14:45:47.866000+00:00,1,2.5,2024,1,21,6,4
611,2024-01-22 14:45:47.871000+00:00,20,50.0,2024,1,22,0,4
612,2024-01-23 14:45:47.875000+00:00,12,30.0,2024,1,23,1,4
613,2024-01-24 14:45:47.879000+00:00,27,67.5,2024,1,24,2,4
614,2024-01-25 14:45:47.884000+00:00,34,85.0,2024,1,25,3,4
615,2024-01-26 14:45:47.888000+00:00,29,72.5,2024,1,26,4,4
616,2024-01-27 14:45:47.892000+00:00,7,17.5,2024,1,27,5,4
617,2024-01-28 14:45:47.896000+00:00,0,0.0,2024,1,28,6,4
618,2024-01-29 14:45:47.900000+00:00,30,75.0,2024,1,29,0,4
619,2024-01-30 14:45:47.904000+00:00,40,100.0,2024,1,30,1,4
620,2024-01-31 14:45:47.908000+00:00,15,37.5,2024,1,31,2,4
621,2020-01-01 14:45:47.912000+00:00,47,94.0,2020,1,1,2,5
622,2020-01-02 14:45:47.917000+00:00,28,56.0,2020,1,2,3,5
623,2020-01-03 14:45:47.924000+00:00,36,72.0,2020,1,3,4,5
624,2020-01-04 14:45:47.930000+00:00,45,90.0,2020,1,4,5,5
625,2020-01-05 14:45:47.937000+00:00,24,48.0,2020,1,5,6,5
626,2020-01-06 14:45:47.944000+00:00,30,60.0,2020,1,6,0,5
627,2020-01-07 14:45:47.953000+00:00,36,72.0,2020,1,7,1,5
628,2020-01-08 14:45:47.962000+00:00,29,58.0,2020,1,8,2,5
629,2020-01-09 14:45:47.970000+00:00,0,0.0,2020,1,9,3,5
630,2020-01-10 14:45:47.976000+00:00,45,90.0,2020,1,10,4,5
631,2020-01-11 14:45:47.983000+00:00,19,38.0,2020,1,11,5,5
632,2020-01-12 14:45:47.989000+00:00,29,58.0,2020,1,12,6,5
633,2020-01-13 14:45:47.994000+00:00,47,94.0,2020,1,13,0,5
634,2020-01-14 14:45:47.999000+00:00,38,76.0,2020,1,14,1,5
635,2020-01-15 14:45:48.004000+00:00,6,12.0,2020,1,15,2,5
636,2020-01-16 14:45:48.008000+00:00,30,60.0,2020,1,16,3,5
637,2020-01-17 14:45:48.012000+00:00,44,88.0,2020,1,17,4,5
638,2020-01-18 14:45:48.017000+00:00,35,70.0,2020,1,18,5,5
639,2020-01-19 14:45:48.021000+00:00,47,94.0,2020,1,19,6,5
640,2020-01-20 14:45:48.025000+00:00,7,14.0,2020,1,20,0,5
641,2020-01-21 14:45:48.029000+00:00,50,100.0,2020,1,21,1,5
642,2020-01-22 14:45:48.034000+00:00,18,36.0,2020,1,22,2,5
643,2020-01-23 14:45:48.038000+00:00,33,66.0,2020,1,23,3,5
644,2020-01-24 14:45:48.041000+00:00,37,74.0,2020,1,24,4,5
645,2020-01-25 14:45:48.047000+00:00,37,74.0,2020,1,25,5,5
646,2020-01-26 14:45:48.050000+00:00,46,92.0,2020,1,26,6,5
647,2020-01-27 14:45:48.054000+00:00,44,88.0,2020,1,27,0,5
648,2020-01-28 14:45:48.058000+00:00,36,72.0,2020,1,28,1,5
649,2020-01-29 14:45:48.061000+00:00,30,60.0,2020,1,29,2,5
650,2020-01-30 14:45:48.065000+00:00,36,72.0,2020,1,30,3,5
651,2020-01-31 14:45:48.068000+00:00,47,94.0,2020,1,31,4,5
652,2021-01-01 14:45:48.072000+00:00,28,56.0,2021,1,1,4,5
653,2021-01-02 14:45:48.075000+00:00,6,12.0,2021,1,2,5,5
654,2021-01-03 14:45:48.079000+00:00,28,56.0,2021,1,3,6,5
655,2021-01-04 14:45:48.082000+00:00,35,70.0,2021,1,4,0,5
656,2021-01-05 14:45:48.086000+00:00,37,74.0,2021,1,5,1,5
657,2021-01-06 14:45:48.089000+00:00,13,26.0,2021,1,6,2,5
658,2021-01-07 14:45:48.093000+00:00,16,32.0,2021,1,7,3,5
659,2021-01-08 14:45:48.096000+00:00,26,52.0,2021,1,8,4,5
660,2021-01-09 14:45:48.100000+00:00,17,34.0,2021,1,9,5,5
661,2021-01-10 14:45:48.103000+00:00,42,84.0,2021,1,10,6,5
662,2021-01-11 14:45:48.107000+00:00,38,76.0,2021,1,11,0,5
663,2021-01-12 14:45:48.110000+00:00,21,42.0,2021,1,12,1,5
664,2021-01-13 14:45:48.114000+00:00,39,78.0,2021,1,13,2,5
665,2021-01-14 14:45:48.118000+00:00,46,92.0,2021,1,14,3,5
666,2021-01-15 14:45:48.122000+00:00,6,12.0,2021,1,15,4,5
667,2021-01-16 14:45:48.125000+00:00,19,38.0,2021,1,16,5,5
668,2021-01-17 14:45:48.129000+00:00,49,98.0,2021,1,17,6,5
669,2021-01-18 14:45:48.132000+00:00,41,82.0,2021,1,18,0,5
670,2021-01-19 14:45:48.136000+00:00,50,100.0,2021,1,19,1,5
671,2021-01-20 14:45:48.140000+00:00,42,84.0,2021,1,20,2,5
672,2021-01-21 14:45:48.144000+00:00,22,44.0,2021,1,21,3,5
673,2021-01-22 14:45:48.147000+00:00,4,8.0,2021,1,22,4,5
674,2021-01-23 14:45:48.151000+00:00,23,46.0,2021,1,23,5,5
675,2021-01-24 14:45:48.154000+00:00,6,12.0,2021,1,24,6,5
676,2021-01-25 14:45:48.158000+00:00,0,0.0,2021,1,25,0,5
677,2021-01-26 14:45:48.161000+00:00,12,24.0,2021,1,26,1,5
678,2021-01-27 14:45:48.165000+00:00,45,90.0,2021,1,27,2,5
679,2021-01-28 14:45:48.169000+00:00,12,24.0,2021,1,28,3,5
680,2021-01-29 14:45:48.173000+00:00,45,90.0,2021,1,29,4,5
681,2021-01-30 14:45:48.176000+00:00,36,72.0,2021,1,30,5,5
682,2021-01-31 14:45:48.180000+00:00,10,20.0,2021,1,31,6,5
683,2022-01-01 14:45:48.184000+00:00,18,36.0,2022,1,1,5,5
684,2022-01-02 14:45:48.187000+00:00,9,18.0,2022,1,2,6,5
685,2022-01-03 14:45:48.191000+00:00,31,62.0,2022,1,3,0,5
686,2022-01-04 14:45:48.195000+00:00,38,76.0,2022,1,4,1,5
687,2022-01-05 14:45:48.198000+00:00,41,82.0,2022,1,5,2,5
688,2022-01-06 14:45:48.202000+00:00,38,76.0,2022,1,6,3,5
689,2022-01-07 14:45:48.205000+00:00,26,52.0,2022,1,7,4,5
690,2022-01-08 14:45:48.209000+00:00,17,34.0,2022,1,8,5,5
691,2022-01-09 14:45:48.212000+00:00,20,40.0,2022,1,9,6,5
692,2022-01-10 14:45:48.218000+00:00,23,46.0,2022,1,10,0,5
693,2022-01-11 14:45:48.221000+00:00,30,60.0,2022,1,11,1,5
694,2022-01-12 14:45:48.226000+00:00,8,16.0,2022,1,12,2,5
695,2022-01-13 14:45:48.230000+00:00,43,86.0,2022,1,13,3,5
696,2022-01-14 14:45:48.234000+00:00,48,96.0,2022,1,14,4,5
697,2022-01-15 14:45:48.238000+00:00,40,80.0,2022,1,15,5,5
698,2022-01-16 14:45:48.243000+00:00,23,46.0,2022,1,16,6,5
699,2022-01-17 14:45:48.248000+00:00,0,0.0,2022,1,17,0,5
700,2022-01-18 14:45:48.253000+00:00,42,84.0,2022,1,18,1,5
701,2022-01-19 14:45:48.257000+00:00,31,62.0,2022,1,19,2,5
702,2022-01-20 14:45:48.261000+00:00,22,44.0,2022,1,20,3,5
703,2022-01-21 14:45:48.265000+00:00,12,24.0,2022,1,21,4,5
704,2022-01-22 14:45:48.269000+00:00,38,76.0,2022,1,22,5,5
705,2022-01-23 14:45:48.273000+00:00,32,64.0,2022,1,23,6,5
706,2022-01-24 14:45:48.278000+00:00,26,52.0,2022,1,24,0,5
707,2022-01-25 14:45:48.282000+00:00,20,40.0,2022,1,25,1,5
708,2022-01-26 14:45:48.286000+00:00,44,88.0,2022,1,26,2,5
709,2022-01-27 14:45:48.290000+00:00,28,56.0,2022,1,27,3,5
710,2022-01-28 14:45:48.294000+00:00,48,96.0,2022,1,28,4,5
711,2022-01-29 14:45:48.298000+00:00,20,40.0,2022,1,29,5,5
712,2022-01-30 14:45:48.302000+00:00,19,38.0,2022,1,30,6,5
713,2022-01-31 14:45:48.306000+00:00,31,62.0,2022,1,31,0,5
714,2023-01-01 14:45:48.310000+00:00,24,48.0,2023,1,1,6,5
715,2023-01-02 14:45:48.314000+00:00,26,52.0,2023,1,2,0,5
716,2023-01-03 14:45:48.318000+00:00,34,68.0,2023,1,3,1,5
717,2023-01-04 14:45:48.322000+00:00,23,46.0,2023,1,4,2,5
718,2023-01-05 14:45:48.328000+00:00,39,78.0,2023,1,5,3,5
719,2023-01-06 14:45:48.332000+00:00,45,90.0,2023,1,6,4,5
720,2023-01-07 14:45:48.335000+00:00,36,72.0,2023,1,7,5,5
721,2023-01-08 14:45:48.339000+00:00,41,82.0,2023,1,8,6,5
722,2023-01-09 14:45:48.343000+00:00,20,40.0,2023,1,9,0,5
723,2023-01-10 14:45:48.347000+00:00,12,24.0,2023,1,10,1,5
724,2023-01-11 14:45:48.351000+00:00,40,80.0,2023,1,11,2,5
725,2023-01-12 14:45:48.355000+00:00,9,18.0,2023,1,12,3,5
726,2023-01-13 14:45:48.359000+00:00,29,58.0,2023,1,13,4,5
727,2023-01-14 14:45:48.363000+00:00,39,78.0,2023,1,14,5,5
728,2023-01-15 14:45:48.366000+00:00,0,0.0,2023,1,15,6,5
729,2023-01-16 14:45:48.370000+00:00,45,90.0,2023,1,16,0,5
730,2023-01-17 14:45:48.374000+00:00,27,54.0,2023,1,17,1,5
731,2023-01-18 14:45:48.378000+00:00,49,98.0,2023,1,18,2,5
732,2023-01-19 14:45:48.383000+00:00,1,2.0,2023,1,19,3,5
733,2023-01-20 14:45:48.387000+00:00,14,28.0,2023,1,20,4,5
734,2023-01-21 14:45:48.391000+00:00,5,10.0,2023,1,21,5,5
735,2023-01-22 14:45:48.395000+00:00,0,0.0,2023,1,22,6,5
736,2023-01-23 14:45:48.399000+00:00,25,50.0,2023,1,23,0,5
737,2023-01-24 14:45:48.403000+00:00,29,58.0,2023,1,24,1,5
738,2023-01-25 14:45:48.408000+00:00,3,6.0,2023,1,25,2,5
739,2023-01-26 14:45:48.412000+00:00,25,50.0,2023,1,26,3,5
740,2023-01-27 14:45:48.416000+00:00,9,18.0,2023,1,27,4,5
741,2023-01-28 14:45:48.420000+00:00,16,32.0,2023,1,28,5,5
742,2023-01-29 14:45:48.425000+00:00,42,84.0,2023,1,29,6,5
743,2023-01-30 14:45:48.428000+00:00,22,44.0,2023,1,30,0,5
744,2023-01-31 14:45:48.432000+00:00,11,22.0,2023,1,31,1,5
745,2024-01-01 14:45:48.435000+00:00,39,78.0,2024,1,1,0,5
746,2024-01-02 14:45:48.439000+00:00,38,76.0,2024,1,2,1,5
747,2024-01-03 14:45:48.443000+00:00,30,60.0,2024,1,3,2,5
748,2024-01-04 14:45:48.446000+00:00,49,98.0,2024,1,4,3,5
749,2024-01-05 14:45:48.450000+00:00,15,30.0,2024,1,5,4,5
750,2024-01-06 14:45:48.454000+00:00,47,94.0,2024,1,6,5,5
751,2024-01-07 14:45:48.457000+00:00,36,72.0,2024,1,7,6,5
752,2024-01-08 14:45:48.461000+00:00,25,50.0,2024,1,8,0,5
753,2024-01-09 14:45:48.465000+00:00,37,74.0,2024,1,9,1,5
754,2024-01-10 14:45:48.469000+00:00,27,54.0,2024,1,10,2,5
755,2024-01-11 14:45:48.473000+00:00,28,56.0,2024,1,11,3,5
756,2024-01-12 14:45:48.477000+00:00,4,8.0,2024,1,12,4,5
757,2024-01-13 14:45:48.485000+00:00,39,78.0,2024,1,13,5,5
758,2024-01-14 14:45:48.489000+00:00,17,34.0,2024,1,14,6,5
759,2024-01-15 14:45:48.492000+00:00,41,82.0,2024,1,15,0,5
760,2024-01-16 14:45:48.496000+00:00,14,28.0,2024,1,16,1,5
761,2024-01-17 14:45:48.499000+00:00,19,38.0,2024,1,17,2,5
762,2024-01-18 14:45:48.503000+00:00,9,18.0,2024,1,18,3,5
763,2024-01-19 14:45:48.507000+00:00,40,80.0,2024,1,19,4,5
764,2024-01-20 14:45:48.512000+00:00,43,86.0,2024,1,20,5,5
765,2024-01-21 14:45:48.517000+00:00,27,54.0,2024,1,21,6,5
766,2024-01-22 14:45:48.521000+00:00,47,94.0,2024,1,22,0,5
767,2024-01-23 14:45:48.525000+00:00,5,10.0,2024,1,23,1,5
768,2024-01-24 14:45:48.528000+00:00,16,32.0,2024,1,24,2,5
769,2024-01-25 14:45:48.532000+00:00,22,44.0,2024,1,25,3,5
770,2024-01-26 14:45:48.537000+00:00,44,88.0,2024,1,26,4,5
771,2024-01-27 14:45:48.540000+00:00,42,84.0,2024,1,27,5,5
772,2024-01-28 14:45:48.544000+00:00,32,64.0,2024,1,28,6,5
773,2024-01-29 14:45:48.547000+00:00,4,8.0,2024,1,29,0,5
774,2024-01-30 14:45:48.551000+00:00,26,52.0,2024,1,30,1,5
775,2024-01-31 14:45:48.554000+00:00,4,8.0,2024,1,31,2,5
